,AESL_inst_yolo_conv_top,,module_status1.csv
,grp_yolo_conv_top_Pipeline_VITIS_LOOP_55_3_fu_1526,,module_status2.csv
,grp_yolo_conv_top_Pipeline_VITIS_LOOP_84_4_VITIS_LOOP_88_5_VITIS_LOOP_91_6_fu_1608,,module_status3.csv
grp_yolo_conv_top_Pipeline_VITIS_LOOP_84_4_VITIS_LOOP_88_5_VITIS_LOOP_91_6_fu_1608,grp_slide_window_fu_11764,,module_status4.csv
grp_yolo_conv_top_Pipeline_VITIS_LOOP_84_4_VITIS_LOOP_88_5_VITIS_LOOP_91_6_fu_1608,grp_slide_window_fu_11778,,module_status5.csv
grp_yolo_conv_top_Pipeline_VITIS_LOOP_84_4_VITIS_LOOP_88_5_VITIS_LOOP_91_6_fu_1608,grp_window_macc_fu_11798,,module_status6.csv
grp_yolo_conv_top_Pipeline_VITIS_LOOP_84_4_VITIS_LOOP_88_5_VITIS_LOOP_91_6_fu_1608,grp_window_macc_fu_11820,,module_status7.csv
grp_yolo_conv_top_Pipeline_VITIS_LOOP_84_4_VITIS_LOOP_88_5_VITIS_LOOP_91_6_fu_1608,grp_window_macc_fu_11842,,module_status8.csv
grp_yolo_conv_top_Pipeline_VITIS_LOOP_84_4_VITIS_LOOP_88_5_VITIS_LOOP_91_6_fu_1608,grp_window_macc_fu_11864,,module_status9.csv
grp_yolo_conv_top_Pipeline_VITIS_LOOP_84_4_VITIS_LOOP_88_5_VITIS_LOOP_91_6_fu_1608,grp_window_macc_fu_11886,,module_status10.csv
grp_yolo_conv_top_Pipeline_VITIS_LOOP_84_4_VITIS_LOOP_88_5_VITIS_LOOP_91_6_fu_1608,grp_window_macc_fu_11908,,module_status11.csv
grp_yolo_conv_top_Pipeline_VITIS_LOOP_84_4_VITIS_LOOP_88_5_VITIS_LOOP_91_6_fu_1608,grp_window_macc_fu_11930,,module_status12.csv
grp_yolo_conv_top_Pipeline_VITIS_LOOP_84_4_VITIS_LOOP_88_5_VITIS_LOOP_91_6_fu_1608,grp_window_macc_fu_11952,,module_status13.csv
grp_yolo_conv_top_Pipeline_VITIS_LOOP_84_4_VITIS_LOOP_88_5_VITIS_LOOP_91_6_fu_1608,grp_window_macc_fu_11974,,module_status14.csv
grp_yolo_conv_top_Pipeline_VITIS_LOOP_84_4_VITIS_LOOP_88_5_VITIS_LOOP_91_6_fu_1608,grp_window_macc_fu_11996,,module_status15.csv
grp_yolo_conv_top_Pipeline_VITIS_LOOP_84_4_VITIS_LOOP_88_5_VITIS_LOOP_91_6_fu_1608,grp_window_macc_fu_12018,,module_status16.csv
grp_yolo_conv_top_Pipeline_VITIS_LOOP_84_4_VITIS_LOOP_88_5_VITIS_LOOP_91_6_fu_1608,grp_window_macc_fu_12040,,module_status17.csv
grp_yolo_conv_top_Pipeline_VITIS_LOOP_84_4_VITIS_LOOP_88_5_VITIS_LOOP_91_6_fu_1608,grp_post_process_fu_12062,,module_status18.csv
grp_yolo_conv_top_Pipeline_VITIS_LOOP_84_4_VITIS_LOOP_88_5_VITIS_LOOP_91_6_fu_1608,grp_post_process_fu_12073,,module_status19.csv
grp_yolo_conv_top_Pipeline_VITIS_LOOP_84_4_VITIS_LOOP_88_5_VITIS_LOOP_91_6_fu_1608,grp_post_process_fu_12084,,module_status20.csv
grp_yolo_conv_top_Pipeline_VITIS_LOOP_84_4_VITIS_LOOP_88_5_VITIS_LOOP_91_6_fu_1608,call_ln179_write_output_fu_12124,,module_status21.csv
grp_yolo_conv_top_Pipeline_VITIS_LOOP_84_4_VITIS_LOOP_88_5_VITIS_LOOP_91_6_fu_1608,call_ln179_write_output_fu_12131,,module_status22.csv
grp_yolo_conv_top_Pipeline_VITIS_LOOP_84_4_VITIS_LOOP_88_5_VITIS_LOOP_91_6_fu_1608,call_ln179_write_output_fu_12138,,module_status23.csv
grp_yolo_conv_top_Pipeline_VITIS_LOOP_84_4_VITIS_LOOP_88_5_VITIS_LOOP_91_6_fu_1608,call_ln179_write_output_fu_12145,,module_status24.csv
grp_yolo_conv_top_Pipeline_VITIS_LOOP_84_4_VITIS_LOOP_88_5_VITIS_LOOP_91_6_fu_1608,call_ln179_write_output_fu_12152,,module_status25.csv
grp_yolo_conv_top_Pipeline_VITIS_LOOP_84_4_VITIS_LOOP_88_5_VITIS_LOOP_91_6_fu_1608,call_ln179_write_output_fu_12159,,module_status26.csv
grp_yolo_conv_top_Pipeline_VITIS_LOOP_84_4_VITIS_LOOP_88_5_VITIS_LOOP_91_6_fu_1608,call_ln179_write_output_fu_12166,,module_status27.csv
grp_yolo_conv_top_Pipeline_VITIS_LOOP_84_4_VITIS_LOOP_88_5_VITIS_LOOP_91_6_fu_1608,call_ln179_write_output_fu_12173,,module_status28.csv
grp_yolo_conv_top_Pipeline_VITIS_LOOP_84_4_VITIS_LOOP_88_5_VITIS_LOOP_91_6_fu_1608,call_ln179_write_output_fu_12180,,module_status29.csv
grp_yolo_conv_top_Pipeline_VITIS_LOOP_84_4_VITIS_LOOP_88_5_VITIS_LOOP_91_6_fu_1608,call_ln179_write_output_fu_12187,,module_status30.csv
grp_yolo_conv_top_Pipeline_VITIS_LOOP_84_4_VITIS_LOOP_88_5_VITIS_LOOP_91_6_fu_1608,call_ln179_write_output_fu_12194,,module_status31.csv
grp_yolo_conv_top_Pipeline_VITIS_LOOP_84_4_VITIS_LOOP_88_5_VITIS_LOOP_91_6_fu_1608,call_ln179_write_output_fu_12201,,module_status32.csv
grp_yolo_conv_top_Pipeline_VITIS_LOOP_84_4_VITIS_LOOP_88_5_VITIS_LOOP_91_6_fu_1608,call_ln179_write_output_fu_12208,,module_status33.csv
grp_yolo_conv_top_Pipeline_VITIS_LOOP_84_4_VITIS_LOOP_88_5_VITIS_LOOP_91_6_fu_1608,call_ln179_write_output_fu_12215,,module_status34.csv
grp_yolo_conv_top_Pipeline_VITIS_LOOP_84_4_VITIS_LOOP_88_5_VITIS_LOOP_91_6_fu_1608,call_ln179_write_output_fu_12222,,module_status35.csv
grp_yolo_conv_top_Pipeline_VITIS_LOOP_84_4_VITIS_LOOP_88_5_VITIS_LOOP_91_6_fu_1608,call_ln179_write_output_fu_12229,,module_status36.csv
grp_yolo_conv_top_Pipeline_VITIS_LOOP_84_4_VITIS_LOOP_88_5_VITIS_LOOP_91_6_fu_1608,call_ln179_write_output_fu_12236,,module_status37.csv
grp_yolo_conv_top_Pipeline_VITIS_LOOP_84_4_VITIS_LOOP_88_5_VITIS_LOOP_91_6_fu_1608,call_ln179_write_output_fu_12243,,module_status38.csv
grp_yolo_conv_top_Pipeline_VITIS_LOOP_84_4_VITIS_LOOP_88_5_VITIS_LOOP_91_6_fu_1608,call_ln179_write_output_fu_12250,,module_status39.csv
grp_yolo_conv_top_Pipeline_VITIS_LOOP_84_4_VITIS_LOOP_88_5_VITIS_LOOP_91_6_fu_1608,call_ln179_write_output_fu_12257,,module_status40.csv
grp_yolo_conv_top_Pipeline_VITIS_LOOP_84_4_VITIS_LOOP_88_5_VITIS_LOOP_91_6_fu_1608,call_ln179_write_output_fu_12264,,module_status41.csv
grp_yolo_conv_top_Pipeline_VITIS_LOOP_84_4_VITIS_LOOP_88_5_VITIS_LOOP_91_6_fu_1608,call_ln179_write_output_fu_12271,,module_status42.csv
grp_yolo_conv_top_Pipeline_VITIS_LOOP_84_4_VITIS_LOOP_88_5_VITIS_LOOP_91_6_fu_1608,call_ln179_write_output_fu_12278,,module_status43.csv
grp_yolo_conv_top_Pipeline_VITIS_LOOP_84_4_VITIS_LOOP_88_5_VITIS_LOOP_91_6_fu_1608,call_ln179_write_output_fu_12285,,module_status44.csv
grp_yolo_conv_top_Pipeline_VITIS_LOOP_84_4_VITIS_LOOP_88_5_VITIS_LOOP_91_6_fu_1608,call_ln179_write_output_fu_12292,,module_status45.csv
grp_yolo_conv_top_Pipeline_VITIS_LOOP_84_4_VITIS_LOOP_88_5_VITIS_LOOP_91_6_fu_1608,call_ln179_write_output_fu_12299,,module_status46.csv
grp_yolo_conv_top_Pipeline_VITIS_LOOP_84_4_VITIS_LOOP_88_5_VITIS_LOOP_91_6_fu_1608,call_ln179_write_output_fu_12306,,module_status47.csv
grp_yolo_conv_top_Pipeline_VITIS_LOOP_84_4_VITIS_LOOP_88_5_VITIS_LOOP_91_6_fu_1608,call_ln179_write_output_fu_12313,,module_status48.csv
grp_yolo_conv_top_Pipeline_VITIS_LOOP_84_4_VITIS_LOOP_88_5_VITIS_LOOP_91_6_fu_1608,call_ln179_write_output_fu_12320,,module_status49.csv
grp_yolo_conv_top_Pipeline_VITIS_LOOP_84_4_VITIS_LOOP_88_5_VITIS_LOOP_91_6_fu_1608,call_ln179_write_output_fu_12327,,module_status50.csv
grp_yolo_conv_top_Pipeline_VITIS_LOOP_84_4_VITIS_LOOP_88_5_VITIS_LOOP_91_6_fu_1608,call_ln179_write_output_fu_12334,,module_status51.csv
grp_yolo_conv_top_Pipeline_VITIS_LOOP_84_4_VITIS_LOOP_88_5_VITIS_LOOP_91_6_fu_1608,call_ln179_write_output_fu_12341,,module_status52.csv
grp_yolo_conv_top_Pipeline_VITIS_LOOP_84_4_VITIS_LOOP_88_5_VITIS_LOOP_91_6_fu_1608,grp_out_stream_merge_fu_12348,,module_status53.csv
