,AESL_inst_yolo_yolo_top,,module_status1.csv
,grp_yolo_yolo_top_Pipeline_VITIS_LOOP_14_1_VITIS_LOOP_17_2_VITIS_LOOP_20_3_fu_82,,module_status2.csv
grp_yolo_yolo_top_Pipeline_VITIS_LOOP_14_1_VITIS_LOOP_17_2_VITIS_LOOP_20_3_fu_82,grp_logistic_activate_fu_255,,module_status3.csv
grp_yolo_yolo_top_Pipeline_VITIS_LOOP_14_1_VITIS_LOOP_17_2_VITIS_LOOP_20_3_fu_82.grp_logistic_activate_fu_255,grp_exp_16_8_s_fu_59,,module_status4.csv
grp_yolo_yolo_top_Pipeline_VITIS_LOOP_14_1_VITIS_LOOP_17_2_VITIS_LOOP_20_3_fu_82,grp_logistic_activate_fu_267,,module_status5.csv
grp_yolo_yolo_top_Pipeline_VITIS_LOOP_14_1_VITIS_LOOP_17_2_VITIS_LOOP_20_3_fu_82.grp_logistic_activate_fu_267,grp_exp_16_8_s_fu_59,,module_status6.csv
grp_yolo_yolo_top_Pipeline_VITIS_LOOP_14_1_VITIS_LOOP_17_2_VITIS_LOOP_20_3_fu_82,grp_logistic_activate_fu_279,,module_status7.csv
grp_yolo_yolo_top_Pipeline_VITIS_LOOP_14_1_VITIS_LOOP_17_2_VITIS_LOOP_20_3_fu_82.grp_logistic_activate_fu_279,grp_exp_16_8_s_fu_59,,module_status8.csv
grp_yolo_yolo_top_Pipeline_VITIS_LOOP_14_1_VITIS_LOOP_17_2_VITIS_LOOP_20_3_fu_82,grp_logistic_activate_fu_291,,module_status9.csv
grp_yolo_yolo_top_Pipeline_VITIS_LOOP_14_1_VITIS_LOOP_17_2_VITIS_LOOP_20_3_fu_82.grp_logistic_activate_fu_291,grp_exp_16_8_s_fu_59,,module_status10.csv
